COMNID,DPAY_SETTLEMENT_AMOUNT_202406,DPAY_SETTLEMENT_AMOUNT_202407,DPAY_SETTLEMENT_AMOUNT_202408,DPAY_SETTLEMENT_AMOUNT_202409,DPOINTS_USE_202406,DPOINTS_USE_202407,DPOINTS_USE_202408,DPOINTS_USE_202409,DPOINTS_GIVE_202406,DPOINTS_GIVE_202407,DPOINTS_GIVE_202408,DPOINTS_GIVE_202409,DCARD_USE_AMOUNT_202406,CONTRACT,CONTRACT_PERIOD,GENDER,AGE
1,80087,146388,87889,50796,592,630,155,693,144,260,114,460,328605,1,2,2,26
2,147727,142086,93282,117761,286,725,594,531,792,322,268,692,281700,1,2,2,67
3,56235,149431,145515,139010,637,113,210,105,471,649,300,223,203478,1,2,1,62
4,131732,127190,142170,61783,765,377,504,683,675,435,703,579,103600,1,1,1,37
5,131099,98149,80847,120861,603,719,227,262,494,123,239,550,465639,1,1,1,37
6,96334,146104,134883,53421,603,411,615,543,188,700,477,119,490945,1,1,2,37
7,134067,77536,64407,66192,336,454,591,108,606,122,272,428,373261,1,2,1,44
8,89283,93260,146404,130042,176,496,302,149,668,516,339,502,464033,1,1,2,52
9,134603,100587,145584,65911,436,558,234,178,520,463,779,322,276953,1,2,2,69
10,93659,123046,108476,101057,496,244,649,459,661,654,192,352,191542,1,1,1,29
11,113545,101191,125349,85328,139,126,669,317,581,284,631,786,314278,1,1,1,58
12,93903,60500,96937,93937,407,321,116,701,669,306,289,283,338409,1,2,1,66
13,55790,130019,72128,64403,431,693,281,128,285,205,487,527,476396,1,1,1,48
14,53579,79418,112855,103340,131,362,220,783,727,348,550,735,338137,1,3,2,40
15,105074,138434,117307,52859,364,625,550,137,749,139,143,641,285898,1,3,1,53
16,107769,136946,93884,54504,698,560,422,718,458,584,590,606,271290,1,3,1,46
17,50348,110041,148235,131499,430,616,434,719,719,716,693,616,169650,1,3,2,33
18,68485,124752,70398,106332,675,527,229,527,771,544,736,299,293280,1,2,1,31
19,84151,68523,118165,108615,450,400,458,288,445,679,572,757,482681,1,3,2,50
20,82202,89612,145050,57635,461,646,747,678,400,349,325,652,316275,1,1,1,65
21,74740,66955,106915,133176,545,257,230,116,434,242,480,714,370524,1,2,1,67
22,111895,144637,82482,135226,439,586,380,749,754,715,258,560,361830,1,3,2,44
23,125402,111662,78357,140311,517,723,725,632,341,554,663,366,174993,1,1,1,44
24,124818,54363,63082,89737,797,221,505,259,572,783,739,335,214393,1,1,2,32
25,124365,123904,90844,50471,725,547,128,484,426,574,485,579,367399,1,1,1,65
26,64698,104730,128973,119414,636,625,715,524,323,638,113,599,458999,1,3,2,59
27,109188,55169,105450,142450,247,480,366,167,498,192,636,244,143388,1,1,2,25
28,58610,77791,59919,114240,638,792,611,367,250,119,125,747,130083,1,1,2,30
29,129924,92273,60861,56376,324,623,199,792,603,323,461,498,167883,1,2,1,26
30,82623,143713,82431,105074,142,734,445,649,554,748,133,661,119554,1,1,2,24
31,121659,66051,117377,147281,202,252,386,218,343,188,447,395,292248,1,1,1,55
32,85916,57444,86020,91087,224,392,557,428,655,405,201,239,212150,1,3,1,39
33,60431,101636,69161,106154,534,108,243,442,541,290,547,694,474335,1,3,1,24
34,88792,99097,129890,50262,310,550,431,725,693,750,323,321,263349,1,3,2,67
35,88970,129949,83932,77317,260,246,689,245,135,583,470,373,421860,1,3,2,33
36,132876,102093,98224,120251,418,550,425,161,750,732,662,744,298171,1,3,1,55
37,115162,80492,87847,84375,364,476,654,220,755,150,456,799,368289,1,2,2,62
38,106982,138231,94856,110668,499,704,291,415,289,623,453,378,234358,1,3,1,30
39,97753,91900,106172,149185,455,239,779,721,255,678,604,174,132784,1,3,2,32
40,59507,122403,61676,57325,664,110,255,771,121,568,722,742,202359,1,3,1,53
41,111618,129261,149488,94399,346,483,420,333,511,452,210,607,215270,1,2,2,69
42,135925,111099,73665,73115,301,499,683,385,477,630,605,627,186523,1,3,1,21
43,67026,97625,100627,110276,466,436,746,607,681,375,711,687,343491,1,1,2,36
44,61418,92722,85898,141100,711,688,529,320,140,355,482,658,214083,1,2,1,43
45,75164,139871,134433,109894,573,129,492,670,333,144,195,483,278806,1,1,2,26
46,132172,98055,82264,68262,788,742,389,160,767,296,190,417,120583,1,3,2,57
47,131329,59817,123985,97497,688,478,250,641,390,143,790,700,218329,1,1,1,42
48,67985,135110,110601,60455,178,637,157,721,394,329,627,389,133387,1,3,1,33
49,144311,73260,105604,97108,672,601,619,699,112,363,117,690,194489,1,3,2,56
50,138239,103159,56582,81666,755,698,633,224,575,546,332,746,367682,1,2,1,61
51,124023,127347,84057,83602,325,228,538,172,440,724,498,458,281671,1,2,1,61
52,108002,145030,117981,117605,170,480,356,646,106,676,558,625,392321,1,3,1,64
53,145332,119791,129027,67953,478,232,748,103,413,639,418,304,146546,1,3,2,57
54,93386,117141,144873,58170,670,419,415,523,702,477,351,612,267420,1,2,2,33
55,121791,51109,93109,92205,763,721,212,392,728,564,105,651,444146,1,1,1,38
56,67166,149955,57230,85840,244,236,447,611,600,215,406,745,151673,1,3,1,36
57,138098,129571,79490,85796,742,701,727,192,515,464,604,549,424519,1,2,2,33
58,105120,83726,119823,72080,691,763,598,497,427,675,654,567,382944,1,2,2,35
59,121882,149429,149060,100421,138,512,729,746,392,470,584,355,328400,1,3,1,26
60,54368,119984,58807,66564,143,299,737,154,490,209,635,439,364847,1,3,2,53
61,80257,149483,74838,96463,137,588,581,683,529,250,497,716,279219,1,3,1,22
62,90867,68215,143644,132856,285,404,340,357,200,444,106,294,438191,1,2,1,42
63,143228,77136,99383,87440,114,654,205,578,797,654,702,136,272523,1,3,1,43
64,97065,84606,148071,74823,398,356,753,620,649,298,360,196,294897,1,2,1,39
65,87687,83564,139111,132152,775,556,100,791,787,477,363,485,345231,1,2,1,38
66,102904,130032,87419,62426,260,580,301,457,441,406,513,491,323865,1,1,1,63
67,88120,87830,69200,81946,706,366,497,241,328,235,355,510,292741,1,3,2,41
68,75849,93409,58198,77814,751,541,342,114,376,192,195,484,259262,1,1,2,27
69,111330,145716,112529,147242,531,754,657,690,744,110,259,406,154114,1,2,2,63
70,149203,68443,93133,91654,774,229,547,499,373,309,676,736,319309,1,2,1,50
71,65531,92880,97514,74127,401,391,559,261,746,558,687,722,193498,1,2,1,20
72,80934,52669,113480,63537,370,561,399,187,495,546,731,260,375206,1,3,2,54
73,59701,74205,69290,135794,726,325,493,554,694,261,717,567,483390,1,1,2,27
74,58180,134437,53412,75718,375,239,162,134,486,657,728,592,106628,1,1,2,58
75,132829,104568,116104,141760,495,324,454,175,244,768,572,717,305905,1,2,2,33
76,110064,139316,126953,68787,535,647,273,492,766,371,493,440,218816,1,1,1,34
77,147403,55185,98776,123607,332,588,334,410,609,142,321,281,409635,1,3,2,52
78,93991,51492,136170,95944,273,417,337,409,749,697,227,607,118369,1,2,1,40
79,65536,96853,143209,145228,205,394,233,282,708,471,292,620,312466,1,2,2,20
80,136145,123113,105036,91047,707,364,143,645,224,275,467,646,128331,1,3,2,41
81,51450,143739,110501,98133,157,143,627,422,643,139,219,345,215176,1,2,2,42
82,63255,111822,112145,76695,184,379,149,507,168,190,326,781,322273,1,3,1,52
83,141608,112789,133656,82602,447,290,423,407,515,335,323,129,368195,1,2,2,46
84,64227,55520,90129,144459,556,551,776,416,222,795,206,233,168097,1,2,1,21
85,83169,123366,61277,62664,719,359,474,442,343,718,290,171,391940,1,3,1,52
86,122486,116613,140658,116834,339,636,361,607,509,795,185,235,315913,1,2,2,36
87,80833,122994,72172,143080,571,524,193,244,207,589,335,417,321561,1,2,1,44
88,84253,134203,91509,136829,412,663,380,387,267,246,247,419,212448,1,1,2,25
89,136162,69129,71316,83729,309,241,283,645,634,207,107,114,419386,1,2,1,67
90,142939,134495,66335,109040,771,107,291,203,485,226,105,188,493184,1,1,1,57
91,123620,74962,68387,68079,641,711,599,793,678,432,310,131,196732,1,3,1,35
92,135611,99674,92517,129077,106,439,528,417,389,162,705,707,140555,1,2,2,56
93,53617,129117,137418,73998,786,168,329,650,487,448,129,231,459240,1,1,1,36
94,121678,91329,133832,71386,500,381,272,260,324,245,138,154,139893,1,1,2,50
95,108314,86104,148042,127766,309,440,587,629,274,768,295,359,253171,1,2,1,32
96,120217,66319,137247,143596,441,305,583,126,204,489,519,640,372644,1,3,2,26
97,73413,109743,72127,81997,610,481,352,412,232,351,586,335,494663,1,2,2,67
98,142030,98897,121750,53635,207,180,462,430,239,312,181,308,339842,1,2,2,28
99,144977,87775,100946,74751,532,743,775,765,413,649,781,413,238626,1,2,1,63
100,122232,75673,93542,53692,708,167,300,234,373,770,708,654,189550,1,1,1,30
101,81357,81878,62527,141587,651,432,539,736,347,735,352,176,405148,1,1,1,33
102,92013,128912,88223,79071,533,321,429,728,465,795,416,616,331276,1,2,1,35
103,111645,116428,63352,121227,627,304,314,411,600,467,137,122,312930,1,2,1,32
104,96832,120089,99664,104317,300,751,371,375,482,560,370,693,251414,1,3,2,35
105,93044,83937,97776,71066,621,697,122,798,125,270,350,624,341324,1,1,2,34
106,127805,108440,106712,74530,273,666,347,701,339,530,700,383,481124,1,1,2,51
107,128635,75404,97145,114859,622,364,280,790,477,725,530,585,424191,1,1,1,45
108,59916,54510,108598,110979,223,157,717,467,393,169,289,752,497389,1,3,1,23
109,136375,118612,91973,50261,136,649,602,619,485,501,737,590,278347,1,2,2,21
110,121882,114615,113435,145996,451,664,321,582,663,594,723,116,387451,1,1,1,44
111,114122,138880,116227,129778,163,360,310,688,466,388,643,358,107578,1,1,1,52
112,98355,103136,60632,63067,558,720,459,684,358,561,433,107,361405,1,1,2,31
113,115186,133195,120142,96074,653,314,591,626,186,551,143,159,108539,1,1,2,39
114,71799,63414,91531,144530,250,471,137,114,402,586,638,345,155563,1,1,2,45
115,131180,125170,132295,76203,756,413,122,177,673,773,446,793,344690,1,1,2,27
116,134472,90801,67607,99008,547,384,130,765,327,788,791,157,124977,1,2,2,48
117,98987,78432,94931,69826,174,142,324,107,733,684,742,580,435624,1,3,1,68
118,113819,55343,116135,135627,701,452,691,205,454,493,427,404,175548,1,2,2,52
119,120853,145500,114786,83841,728,555,276,556,586,755,227,572,344157,1,2,1,21
120,122356,71541,123208,65140,447,586,263,134,232,695,799,759,259168,1,2,2,65
121,111596,55549,108593,126111,642,244,654,248,704,245,478,666,196802,1,1,1,27
122,50426,102070,114322,107664,726,162,533,566,585,659,618,206,379839,1,1,2,67
123,81172,66604,86128,110784,407,459,290,196,286,156,548,410,337753,1,1,2,37
124,89818,85988,70406,114861,708,476,771,236,474,333,397,272,102535,1,2,1,69
125,53700,143892,100519,116997,570,539,402,596,749,112,227,177,469002,1,1,1,42
126,115210,147128,89144,94098,508,236,694,229,507,456,326,703,395044,1,2,2,32
127,53507,90011,99814,114566,222,137,161,764,166,273,209,425,325848,1,3,1,42
128,96472,133369,105787,87311,432,319,439,733,787,446,651,499,137936,1,2,2,47
129,131647,60399,54057,126144,149,614,262,153,752,738,782,520,126191,1,1,1,22
130,51620,138863,124257,116068,466,345,241,169,132,670,239,636,253384,1,2,1,30
131,55201,132748,143047,75163,618,147,131,767,378,377,133,610,131886,1,2,2,33
132,56560,94490,64161,70027,771,666,287,571,270,487,649,254,326779,1,3,1,50
133,136602,100368,122236,104412,525,214,186,674,260,448,418,331,414129,1,2,1,67
134,134366,95088,85315,111581,138,311,666,384,749,125,636,399,233775,1,3,2,30
135,129675,109391,79104,96879,656,735,264,196,339,291,141,189,312545,1,3,1,56
136,97300,109327,108116,125170,793,612,661,213,171,192,747,344,385260,1,3,1,69
137,61149,133198,50205,94368,272,375,112,349,313,581,392,776,428719,1,3,1,24
138,66163,55365,52170,132174,249,703,626,453,711,302,471,363,395222,1,1,2,51
139,106697,112112,71194,111036,577,297,168,535,214,542,690,211,219188,1,2,2,31
140,59529,69149,93705,74845,237,225,617,336,687,758,567,646,261205,1,2,2,29
141,129249,52530,85144,52234,158,235,722,198,342,156,568,272,144098,1,2,2,30
142,85683,142323,144685,103664,258,602,550,343,768,108,772,395,400928,1,1,2,46
143,135524,76054,63997,70524,472,189,203,400,426,563,626,149,235387,1,1,2,22
144,111807,62275,103527,147930,587,238,238,756,620,539,778,635,184179,1,2,1,33
145,106544,100984,107541,126488,148,783,589,464,490,528,388,288,498676,1,3,2,22
146,87427,123811,131635,145926,195,108,638,790,482,530,534,363,280144,1,3,1,55
147,136701,99282,74938,117558,209,285,779,173,490,512,471,743,498716,1,3,1,68
148,90680,69280,80390,111415,598,687,290,753,277,392,548,142,208786,1,2,1,26
149,75317,100339,116493,104018,411,169,297,740,424,624,155,760,274662,1,2,1,53
150,130129,63602,146667,137681,766,366,467,553,763,178,215,755,304093,1,3,2,35
151,149393,99778,64994,141028,725,772,781,220,752,346,772,703,394176,1,1,2,61
152,94063,72646,108031,81730,229,737,131,599,108,449,704,513,407311,1,1,1,69
153,55562,68742,149633,115357,110,757,549,325,211,145,234,448,408531,1,2,2,68
154,147103,149852,139849,50831,374,377,712,740,190,292,141,422,214706,1,2,1,48
155,78651,115842,112245,100105,494,502,468,288,797,129,204,212,140039,1,1,2,29
156,110674,96250,135062,134574,261,489,735,374,199,401,490,267,389961,1,2,1,22
157,142305,92176,104016,81887,181,466,501,436,172,418,183,613,159174,1,1,2,20
158,84570,99083,59457,104620,765,534,250,594,576,786,595,589,491189,1,2,1,55
159,125496,58630,90286,98339,237,270,599,347,187,795,612,541,319934,1,2,2,66
160,90455,94256,115038,86570,644,641,746,424,504,570,559,447,297391,1,1,1,25
161,134129,125863,66354,61283,744,223,126,183,785,469,255,289,166563,1,3,1,50
162,126929,100517,149711,142974,640,159,583,686,330,160,307,268,332647,1,3,2,20
163,135945,127909,52251,116354,503,582,346,790,380,302,636,730,137112,1,2,1,64
164,143335,100622,139402,54013,319,691,487,712,184,567,654,216,109209,1,1,1,56
165,120077,114199,119234,71968,283,662,331,527,323,243,535,589,201079,1,3,1,65
166,133113,140835,147648,89818,463,322,271,730,317,249,575,355,320740,1,1,1,57
167,145098,104830,91324,118530,611,278,277,652,758,263,321,528,293753,1,1,2,57
168,126382,132210,52754,104295,170,583,234,344,286,495,478,482,478522,1,1,2,64
169,125901,82448,133766,108350,603,799,716,629,591,722,286,264,333400,1,1,1,47
170,118923,147920,139442,111013,593,573,450,147,628,362,772,324,193717,1,3,2,50
171,129984,75109,53488,96770,569,538,166,468,752,568,156,161,414813,1,1,2,60
172,122994,55678,129738,50877,760,414,391,608,259,507,324,597,397125,1,2,1,55
173,91041,120220,118941,53287,769,576,377,783,608,659,738,248,168013,1,1,1,55
174,51163,96931,96283,75526,352,347,773,205,430,536,612,260,271372,1,1,1,62
175,137306,72583,121018,121204,246,754,502,292,588,381,267,467,434662,1,2,1,59
176,145994,122305,77471,121541,758,580,114,550,363,668,344,571,324014,1,3,1,22
177,102080,55501,79255,89850,738,782,540,491,158,384,551,662,125553,1,1,2,54
178,118285,64780,72917,77338,445,434,204,481,614,518,237,279,292864,1,1,2,23
179,67898,110365,98483,139158,218,391,327,530,591,514,473,648,351823,1,2,2,26
180,128708,91776,132645,121471,462,798,643,415,744,667,489,363,408744,1,1,2,29
181,90928,147541,76876,62114,232,678,266,549,375,468,450,102,266300,1,2,1,34
182,78099,76863,90472,129863,489,309,501,679,461,247,528,250,341903,1,3,1,58
183,148043,93571,102930,134299,492,514,439,611,397,410,597,763,283473,1,1,1,47
184,58885,50207,88675,117779,575,385,720,496,377,732,586,524,368694,1,1,1,41
185,62737,87664,140412,112806,585,534,490,251,183,628,729,551,206311,1,2,2,68
186,113147,130739,112636,60130,794,607,745,714,691,112,602,645,475895,1,3,2,57
187,105272,76705,90743,108711,445,211,102,609,388,252,680,526,123408,1,2,1,49
188,103351,71129,92743,105269,435,587,793,448,346,177,261,375,191015,1,1,2,31
189,97296,125954,97266,87157,780,433,122,120,625,749,123,417,140233,1,2,2,44
190,57459,97255,139241,122106,132,208,742,258,793,741,651,197,440183,1,2,1,22
191,129335,131727,133588,80053,275,479,117,460,503,274,771,452,143285,1,1,1,35
192,117730,120242,123412,113492,654,751,614,260,361,773,751,672,183257,1,2,1,27
193,71513,62773,71685,146700,127,455,661,538,453,659,512,509,266596,1,2,1,45
194,130468,105313,58356,65409,470,794,442,111,260,475,750,142,189039,1,3,1,51
195,128374,110367,100886,112429,554,479,646,665,576,639,301,425,297113,1,1,2,29
196,129239,116951,149924,72508,550,387,319,282,522,427,138,451,490254,1,1,2,60
197,119981,50341,77892,114257,579,639,552,180,493,182,405,351,126468,1,2,2,44
198,149812,96621,130489,144429,113,445,779,107,676,731,120,108,245834,1,2,2,40
199,112192,93194,55432,145129,137,216,270,793,182,651,311,282,203440,1,1,2,63
200,97647,98438,99033,148338,706,223,411,637,268,784,316,557,401637,1,2,2,68
201,50747,91382,135558,79684,754,248,744,697,297,609,288,305,181291,1,1,2,49
202,74905,125664,99118,93201,275,408,704,576,363,620,669,711,206943,1,1,1,56
203,140143,106531,86563,79513,578,180,148,508,208,164,323,188,274616,1,2,2,56
204,113248,119600,134358,79561,494,405,431,592,770,215,520,121,467187,1,1,1,27
205,131980,89722,95657,128929,739,218,148,141,171,593,365,243,134985,1,2,2,54
206,114335,113186,62159,82719,761,283,174,596,733,563,742,396,493592,1,1,2,65
207,139610,125248,68862,108075,162,614,505,275,176,195,699,490,452321,1,1,1,61
208,125313,137579,108329,119736,693,564,248,301,772,428,394,445,118368,1,2,2,39
209,87984,112659,88516,132793,462,622,400,407,150,660,577,449,269147,1,2,2,64
210,62233,63985,56815,57525,635,234,645,509,275,579,543,620,309581,1,3,1,58
211,68809,67014,82856,148216,547,536,522,376,446,168,768,735,165414,1,1,2,44
212,59783,122359,110858,73884,718,410,267,546,485,406,150,134,377499,1,2,1,66
213,109827,105234,77009,64033,705,452,662,679,312,181,707,564,279403,1,3,2,60
214,107449,98994,147083,89856,733,208,771,123,667,510,420,487,403206,1,2,2,24
215,131516,113549,123522,125211,306,557,572,426,481,562,789,435,107847,1,3,1,53
216,81840,116971,71186,87099,529,634,501,161,393,420,708,640,371296,1,3,1,59
217,106632,145884,65083,128109,131,779,215,299,507,382,686,189,297528,1,2,1,65
218,87433,134987,120172,129220,633,110,318,250,126,233,126,631,445158,1,1,2,24
219,71462,95808,50554,135362,307,266,430,295,737,468,621,224,279552,1,2,2,43
220,81069,144646,87883,97045,506,251,412,202,232,450,235,154,429095,1,1,1,27
221,68268,62210,108103,57623,323,298,117,654,503,341,622,176,118255,1,3,2,37
222,90449,83761,125594,104889,218,647,265,419,515,737,376,310,301693,1,3,1,57
223,57799,64873,143805,86048,464,280,176,346,798,123,683,530,254164,1,2,2,23
224,140215,143900,55519,113541,104,149,260,341,507,627,596,768,326250,1,1,2,58
225,140293,91388,64184,117564,718,334,354,411,566,167,404,103,116226,1,3,1,22
226,94013,114596,116670,147986,464,415,265,469,564,454,240,798,351202,1,1,1,20
227,138312,118529,88125,64817,206,769,369,316,759,445,651,183,339909,1,2,2,52
228,80771,130192,62672,103043,788,689,400,670,690,633,287,699,156134,1,1,1,51
229,123082,69332,59922,70259,660,575,530,474,206,549,573,441,174842,1,3,2,40
230,101628,77451,78611,130718,510,727,463,696,678,438,309,120,345789,1,3,1,67
231,141161,138203,82965,87579,100,602,584,224,420,475,147,204,157972,1,3,2,55
232,50012,106309,120978,116985,283,140,268,615,713,137,216,772,116693,1,2,1,22
233,74006,120286,110374,104988,728,197,371,743,735,729,272,621,375770,1,2,2,41
234,143556,61239,137842,128293,471,119,799,317,568,254,442,339,284298,1,3,1,67
235,137282,95570,130881,133382,190,526,325,714,523,516,404,157,311257,1,1,1,58
236,129791,59872,126689,105014,624,713,129,371,367,311,433,345,474849,1,3,2,66
237,61808,123862,82440,96206,339,686,511,215,534,463,648,234,248715,1,3,2,67
238,115398,86194,64778,126780,541,139,568,503,484,740,228,484,443512,1,1,1,42
239,133210,126209,127431,117910,668,138,662,605,218,268,115,181,196867,1,2,2,51
240,73785,109492,92318,88555,436,153,204,682,283,424,663,697,138403,1,1,2,52
241,78343,90388,115787,121571,530,371,530,418,138,357,358,119,192660,1,3,1,48
242,91018,112361,85926,50727,274,771,151,487,368,794,471,239,300842,1,1,2,47
243,112644,60123,50226,102784,317,590,764,585,743,692,610,488,481140,1,3,2,26
244,139621,137501,76436,77844,711,252,739,596,258,706,540,207,463805,1,1,1,62
245,91588,129879,61782,96483,705,539,195,650,514,406,104,132,470939,1,3,1,45
246,93007,114673,107493,122850,607,736,408,360,709,545,702,157,214407,1,3,1,52
247,96570,86078,148439,76122,364,309,457,550,300,604,643,628,161871,1,2,1,37
248,105964,86898,146761,146284,364,385,121,530,196,621,409,306,322037,1,1,1,54
249,59830,65430,132306,59879,508,597,240,730,761,771,691,793,136340,1,2,1,40
250,111599,141658,94503,79979,566,708,238,532,438,663,729,712,282123,1,3,2,28
251,149783,147858,116636,99264,527,100,227,656,474,374,756,277,109633,1,2,1,32
252,114578,111453,125049,112831,130,139,214,792,659,114,702,208,450889,1,2,2,36
253,136138,115305,58653,55289,126,662,598,194,320,492,443,540,463914,1,1,2,61
254,102344,119154,137115,133819,507,410,689,669,488,371,398,726,203172,1,2,1,20
255,75956,147151,58918,88591,444,278,634,450,602,350,228,767,280542,1,2,1,68
256,96354,108432,122078,130163,294,337,200,121,404,127,375,146,163406,1,1,1,37
257,81782,135473,94745,83132,563,166,436,575,393,588,328,155,178922,1,2,2,43
258,135906,143706,118622,65725,116,154,587,791,430,223,465,194,441014,1,3,2,40
259,133392,147396,72067,149230,463,331,645,439,265,189,220,288,448415,1,2,1,63
260,93395,140448,89807,70804,309,248,297,130,708,241,476,162,487225,1,1,2,52
261,112716,109077,142038,77286,199,338,396,546,403,737,152,478,391446,1,1,2,30
262,110408,93288,118101,81093,191,623,298,729,632,215,738,601,295764,1,1,1,30
263,61477,58848,113000,110895,333,456,560,212,138,632,509,309,217960,1,1,1,36
264,76491,131094,143865,72249,113,426,656,366,693,126,240,743,381247,1,3,1,34
265,128203,54151,80930,57625,697,683,740,282,198,550,185,328,140284,1,3,1,40
266,83362,131896,107949,61838,695,560,528,143,714,540,127,784,168066,1,3,1,26
267,60781,133874,66172,67362,262,339,674,302,138,458,413,724,422821,1,2,2,47
268,121206,75549,83202,145936,754,402,118,584,185,601,627,561,296013,1,3,1,61
269,90665,119164,75989,81270,519,466,327,454,621,188,275,744,219805,1,1,1,53
270,60274,97455,140992,120033,622,118,614,449,380,573,527,234,422836,1,1,1,68
271,125504,140164,88155,131873,232,674,235,700,782,194,715,507,362687,1,2,1,31
272,55024,109275,82168,61527,577,249,728,785,749,559,530,686,264216,1,2,2,42
273,85738,137858,106909,140354,680,151,296,449,505,751,731,450,343190,1,2,2,57
274,129000,105558,94984,83760,503,171,567,403,714,276,465,735,231390,1,1,1,52
275,77511,126147,52868,138590,637,478,577,155,256,556,567,183,499605,1,3,2,69
276,50088,110045,111355,117142,643,799,183,565,301,355,257,386,288025,1,3,1,22
277,50938,136620,78289,85624,493,645,549,277,209,190,306,679,301400,1,2,1,62
278,95209,87265,108013,79904,545,269,652,307,634,181,221,613,291316,1,2,1,24
279,76397,101897,81301,71439,797,262,398,112,770,164,629,547,293551,1,1,2,42
280,75512,95137,106941,139234,237,252,423,508,719,776,418,532,204708,1,3,2,69
281,110893,69423,85369,94901,385,690,572,459,340,467,274,602,330496,1,3,1,25
282,72524,132345,116929,146830,752,234,180,369,165,386,348,421,275183,1,1,1,27
283,149627,118114,55295,92737,722,381,113,290,313,355,353,709,384059,1,3,2,33
284,118591,58764,58264,88140,125,239,405,584,135,760,680,338,360084,1,2,2,67
285,65979,111209,101809,100064,521,338,610,234,696,712,305,309,356283,1,2,1,61
286,75865,62780,95258,140838,773,453,641,226,142,680,713,294,485065,1,3,2,36
287,147579,94644,74620,80673,731,788,288,380,610,679,319,345,266328,1,1,2,46
288,72178,60002,119176,58855,287,499,223,616,750,197,470,323,406015,1,2,2,52
289,149511,72924,130149,97633,759,763,532,519,258,319,439,324,324971,1,1,1,42
290,73784,145643,52848,98928,244,793,747,282,400,660,706,129,206345,1,2,1,44
291,89601,51981,106756,120072,549,275,197,198,646,710,659,344,265939,1,1,1,47
292,81465,98812,85755,124854,593,165,339,696,143,764,741,313,482465,1,2,2,27
293,106469,87664,149261,120413,752,643,357,731,128,559,457,201,195157,1,2,1,66
294,121629,111280,101754,143799,624,381,214,430,263,488,707,323,487205,1,2,2,40
295,149729,116859,127574,137708,609,779,245,480,674,380,419,678,101571,1,1,2,47
296,81560,132582,63697,102623,641,604,216,352,309,261,418,771,116543,1,3,2,33
297,66427,148056,111246,88927,171,659,591,786,624,712,536,584,433864,1,1,2,47
298,74551,72389,95591,146112,636,629,423,146,458,622,580,394,495250,1,1,1,63
299,83950,69554,114928,128834,163,680,706,283,315,330,160,449,469232,1,3,2,53
300,122653,122970,102447,133935,332,420,249,799,195,409,126,198,449574,1,2,2,25
301,80424,140216,128094,119121,365,746,283,308,481,186,564,283,314554,1,3,2,58
302,117919,92396,100916,71631,605,329,155,167,665,243,208,764,146967,1,1,1,63
303,114891,82299,81415,145225,487,196,746,306,586,132,495,794,281810,1,2,2,30
304,139323,131678,118980,102665,349,699,567,485,174,618,571,310,440656,1,3,2,54
305,118081,57797,117638,149471,593,175,613,165,327,325,164,131,169222,1,2,1,33
306,96587,55740,79075,87196,432,271,602,774,477,153,452,373,134006,1,3,2,24
307,76776,101141,67556,91335,248,739,570,282,787,164,731,595,375614,1,3,1,21
308,139997,92589,112763,142233,553,468,116,262,748,536,538,363,332654,1,1,2,24
309,138820,54912,104615,118017,419,725,665,284,718,368,223,748,435029,1,3,2,60
310,77788,116682,132315,131063,608,762,746,282,151,723,417,752,389321,1,1,1,60
311,76666,126770,140084,65436,728,438,267,611,480,571,417,244,111665,1,2,1,60
312,97750,120848,77136,136116,389,216,746,587,548,423,470,315,371515,1,2,1,50
313,101589,54157,83222,145404,137,299,796,501,211,275,171,174,315117,1,2,1,28
314,143647,76073,68755,99514,463,420,632,741,109,421,760,771,381773,1,1,2,60
315,146329,90798,61836,73604,568,313,115,451,756,721,327,288,186137,1,3,1,33
316,143796,138924,81480,136749,462,485,182,686,534,502,154,472,312026,1,1,2,25
317,54341,149261,104682,122749,517,268,652,182,151,188,244,689,107063,1,3,1,59
318,138932,82923,51838,124742,409,480,737,145,374,552,273,182,293597,1,1,2,25
319,57188,96334,133152,113280,746,659,158,696,444,508,629,161,394962,1,2,1,25
320,147985,110707,143317,120510,341,780,354,467,647,210,562,246,126267,1,3,1,37
321,122111,142354,119306,103845,251,689,410,664,456,238,606,413,359244,1,2,2,30
322,58653,93808,126194,70818,484,511,461,131,526,286,724,433,440723,1,1,1,58
323,100822,140624,91077,126802,790,240,657,717,607,269,616,791,224148,1,1,1,56
324,141419,112614,101316,61707,483,466,580,331,372,768,401,328,357412,1,2,1,63
325,96339,102177,142060,54207,749,289,606,156,695,478,554,679,377480,1,2,2,39
326,93873,142965,54598,66704,693,251,200,606,219,402,366,736,247374,1,3,1,66
327,112203,66441,146235,102641,374,676,443,461,716,631,731,193,265393,1,3,1,36
328,89169,140584,119712,139960,179,574,188,106,231,773,421,529,195275,1,3,2,57
329,55970,68857,88708,88775,493,798,340,499,565,705,400,217,313998,1,2,2,66
330,139130,118887,138401,125977,518,272,617,488,181,448,680,527,428186,1,2,2,35
331,132058,52345,109409,92897,439,680,548,213,444,214,373,179,403230,1,3,2,43
332,51402,123328,50151,127244,168,675,347,352,332,611,402,101,129657,1,2,1,55
333,102922,128357,115318,144629,609,629,572,669,461,139,483,207,328858,1,3,2,46
334,78703,126937,63410,52221,246,136,156,221,232,629,356,378,462586,1,3,2,30
335,52048,133794,113930,54696,735,741,389,799,793,111,101,322,408550,1,3,1,61
336,125499,68512,116411,110875,441,221,582,740,598,682,318,378,234112,1,1,2,59
337,83153,122578,112741,143848,172,527,417,173,515,325,153,311,473276,1,2,2,59
338,131481,105205,94400,74552,479,622,159,174,386,309,476,296,394449,1,1,1,36
339,138330,59760,97033,135678,701,341,358,488,213,786,227,435,157159,1,2,2,45
340,53495,125641,132100,114239,734,583,660,192,607,262,319,741,470765,1,1,2,49
341,63710,59237,95696,98767,645,636,424,236,430,566,782,366,249501,1,1,2,63
342,121396,140192,131364,127883,680,613,209,355,211,760,774,344,463870,1,1,2,50
343,53432,69320,73100,105797,563,614,771,439,774,665,673,243,386933,1,2,1,36
344,134080,134648,131855,80548,507,126,270,211,575,439,332,650,349131,1,1,1,59
345,120509,105815,94061,98980,543,443,336,739,322,597,695,301,209889,1,1,1,25
346,61706,101231,94357,93355,500,672,619,452,614,190,359,565,383560,1,3,2,64
347,140116,141387,118035,96104,554,107,248,567,714,291,543,311,146690,1,1,2,28
348,65183,86398,55352,58321,716,748,415,435,637,419,198,496,160073,1,2,1,55
349,78796,51360,108688,54056,102,746,642,458,263,502,439,396,312198,1,2,2,55
350,93245,114393,70869,137511,256,474,585,651,761,632,767,506,225742,1,2,1,44
351,83951,97432,97382,64747,339,398,580,172,475,260,335,556,363143,1,3,2,40
352,129409,72468,86013,135193,229,383,143,143,563,784,725,653,146730,1,1,1,45
353,81475,50843,61431,117304,563,393,519,695,193,219,522,401,332088,1,1,1,38
354,51353,141067,110718,84090,639,473,529,637,725,265,138,139,470336,1,3,2,56
355,132454,149043,145183,139504,489,456,609,350,367,511,699,217,347749,1,3,2,52
356,138000,149139,77511,134257,725,537,453,693,615,560,482,351,311474,1,2,1,40
357,97632,67864,75772,97309,237,424,152,644,112,653,219,284,210189,1,1,1,57
358,110203,91776,106985,60261,208,267,201,162,498,198,504,275,443254,1,3,2,60
359,57152,58876,81892,139574,156,228,384,455,519,190,246,389,401732,1,2,1,46
360,104866,111322,115145,56116,723,701,623,514,641,307,141,774,476088,1,1,1,49
361,140637,66370,140792,68005,169,432,721,253,545,406,610,400,317351,1,1,1,48
362,126136,75393,139131,133190,562,735,797,200,179,235,661,332,103049,1,1,1,26
363,131270,138710,120932,123150,315,563,614,728,470,582,601,622,193746,1,3,2,48
364,58247,136400,149983,55928,286,776,100,577,509,615,648,357,164704,1,3,2,20
365,90531,134946,118839,61561,741,235,373,440,437,562,344,775,427444,1,1,1,21
366,110948,148373,92405,104543,427,270,281,222,299,448,154,454,375659,1,3,2,66
367,50492,71822,91743,64225,367,301,146,461,209,270,716,690,476349,1,1,1,53
368,69486,90031,114955,74319,112,766,554,708,659,296,554,240,425711,1,2,1,46
369,138196,67781,68511,131421,519,775,388,301,174,388,255,332,245707,1,3,2,59
370,78637,67621,54113,102819,701,372,430,310,631,140,631,525,311712,1,2,1,45
371,104049,76764,89303,73258,308,140,687,371,222,178,703,262,102622,1,3,2,25
372,82212,134892,131556,102119,609,332,160,208,328,483,552,749,438885,1,2,1,23
373,118964,68750,99535,71460,213,198,525,212,560,178,235,408,324756,1,3,1,69
374,100966,71207,133359,131630,204,422,117,102,264,559,685,179,478578,1,1,1,60
375,88346,69939,89543,64006,419,799,529,510,373,181,349,627,229663,1,2,1,35
376,63747,107426,77218,80170,727,203,130,720,490,676,350,695,109491,1,3,2,58
377,87904,125193,118084,63552,693,643,361,340,525,347,358,263,411929,1,2,1,26
378,125782,107809,65325,115059,472,117,728,527,617,246,121,212,250698,1,2,2,32
379,61095,97159,61277,139288,137,212,531,126,312,697,666,156,325728,1,1,1,25
380,77478,90896,128555,100397,230,792,410,408,756,219,523,574,108792,1,2,1,32
381,90975,121917,79332,60667,223,774,782,303,767,558,457,135,194141,1,1,2,30
382,62417,74688,97073,138288,776,226,638,193,588,349,742,312,185216,1,2,2,30
383,120551,107538,120890,65812,101,738,127,760,247,686,141,200,332876,1,1,1,25
384,59122,98715,89221,71347,735,682,492,283,734,326,574,420,181142,1,2,2,46
385,97522,102715,83882,132865,596,387,517,759,713,440,313,322,125340,1,1,1,35
386,110138,57912,136171,126222,643,325,593,538,642,596,212,251,424130,1,3,1,22
387,52058,127876,117827,137854,665,573,160,341,509,376,761,419,170271,1,2,2,42
388,95647,73648,97322,72268,555,235,131,772,468,519,768,236,285104,1,1,2,32
389,78642,69299,81519,131246,779,292,168,398,117,724,129,561,406974,1,2,1,51
390,81301,80323,52976,124662,533,762,731,436,279,253,321,253,326567,1,2,1,43
391,132377,106468,68285,64950,434,335,632,296,519,444,494,700,178363,1,1,2,41
392,96837,144845,56326,130292,516,288,481,258,327,449,737,245,400227,1,2,2,69
393,97157,112304,74406,51053,277,650,687,488,526,715,338,710,484537,1,1,1,21
394,141332,101551,76306,60693,478,784,537,102,412,170,682,146,179250,1,2,2,49
395,79743,94117,77820,129556,568,231,506,332,372,273,312,687,442902,1,2,2,67
396,149405,141439,94559,59242,266,517,207,641,133,688,698,309,396674,1,2,2,34
397,136387,74281,149569,99879,173,341,238,551,735,427,664,243,478360,1,1,1,26
398,72236,146824,64110,103541,123,340,661,342,290,694,167,344,256698,1,3,1,65
399,130151,119740,97680,80508,293,302,512,637,201,736,415,583,222365,1,3,1,65
400,94531,120026,67521,148561,185,526,224,127,354,286,629,447,432297,1,3,2,43
401,123415,101717,84124,110207,170,407,425,384,591,589,516,459,390179,1,2,2,48
402,149802,74406,144196,87196,285,753,565,734,196,495,320,430,130723,1,1,1,47
403,116840,60879,109318,145526,523,200,484,394,214,694,644,286,423984,1,1,2,29
404,108187,82079,144322,62747,182,745,657,616,419,670,650,468,294432,1,1,2,37
405,135716,144271,111724,120112,721,171,141,772,285,490,550,115,359385,1,3,1,29
406,145495,64477,64717,114268,459,334,239,693,512,259,178,148,372065,1,3,1,39
407,74556,103953,75232,74576,727,637,105,666,791,394,769,233,110819,1,1,1,42
408,110042,89863,138873,136459,578,450,429,110,137,290,430,526,438118,1,3,1,43
409,70499,143942,100580,75771,134,571,345,301,350,586,415,423,457962,1,2,1,24
410,135550,61719,104275,68025,678,742,645,463,121,612,431,563,367430,1,3,2,46
411,121060,142203,104860,105660,519,487,422,135,323,461,207,162,213242,1,2,2,46
412,113387,131797,128443,143735,426,165,781,714,221,649,395,262,487467,1,1,2,44
413,145378,109180,68178,99238,712,193,464,695,157,629,491,338,254227,1,1,1,42
414,106955,52687,86025,71312,519,268,331,517,378,357,568,794,119419,1,3,1,68
415,113136,122985,62778,77647,556,702,525,776,686,313,782,501,379689,1,2,1,42
416,98426,120595,94853,104587,301,431,308,363,548,147,430,494,322117,1,1,1,66
417,139362,67669,105343,51479,327,364,758,666,469,409,110,442,315426,1,2,2,44
418,130063,50115,94712,121752,183,148,406,234,789,281,206,467,165359,1,1,2,20
419,130356,83351,118955,121756,427,263,252,468,321,430,576,257,238206,1,2,2,36
420,115267,71244,58028,126429,525,762,759,637,283,453,701,376,259612,1,1,2,64
421,71924,86821,86009,106277,509,322,385,543,120,426,777,338,160283,1,1,1,44
422,71559,118210,85430,66760,788,743,280,206,255,552,198,124,135602,1,1,1,43
423,115286,62323,61119,132717,372,461,381,490,192,174,117,687,290024,1,3,2,50
424,86656,146082,89926,55361,101,646,364,223,353,523,102,145,260296,1,1,1,58
425,144336,101446,62589,51177,612,554,284,382,790,732,339,558,167026,1,3,1,56
426,129329,69893,71073,54872,664,470,246,677,144,140,734,563,455651,1,3,1,42
427,76893,90321,88823,125700,155,625,692,258,723,338,525,511,141978,1,2,1,67
428,124692,92826,69987,58446,361,764,174,412,598,473,615,526,300500,1,3,2,32
429,117545,81749,72406,56282,741,163,614,262,495,634,274,676,499570,1,1,2,47
430,59490,90237,105174,57082,101,179,422,100,638,287,513,507,291711,1,3,1,21
431,53731,76955,138821,61776,181,104,262,302,150,369,403,634,136545,1,1,2,29
432,138040,69825,122100,102744,204,203,410,618,468,317,440,690,435016,1,3,2,52
433,136912,118539,135209,70506,656,107,592,285,250,587,637,736,468205,1,1,1,22
434,102100,51524,54164,85797,376,239,481,159,673,516,539,124,463639,1,3,2,29
435,104663,72401,96388,80089,152,706,484,141,269,510,669,697,409910,1,3,2,43
436,79912,64550,56706,54833,156,660,238,282,330,602,204,422,246517,1,3,1,65
437,93502,80660,137265,94685,288,242,677,489,748,772,701,219,391824,1,2,2,42
438,144963,107325,119926,86555,792,186,684,752,739,121,142,631,121716,1,2,2,53
439,135200,95011,116149,140815,530,180,401,262,203,667,528,354,138082,1,2,2,59
440,93402,105270,61593,83188,187,596,347,301,178,682,437,240,230018,1,3,1,22
441,109431,132874,77166,74380,286,323,762,289,618,191,316,265,332915,1,2,2,29
442,123378,72188,107947,60882,442,167,230,102,290,307,210,539,478172,1,3,2,28
443,84990,141465,53297,70364,132,716,441,191,102,699,370,637,498630,1,1,1,54
444,131513,85218,58597,135462,519,362,511,221,108,787,485,266,227335,1,3,2,54
445,113648,123430,112146,141746,127,776,409,501,191,507,474,356,305468,1,2,1,44
446,142205,105528,62083,129124,357,623,688,632,406,590,334,780,310679,1,2,2,60
447,63826,71658,85369,67995,653,482,695,194,109,638,250,513,331004,1,2,1,69
448,90759,51924,78538,89983,365,465,128,446,102,316,248,571,463991,1,3,2,32
449,73273,56528,102085,71476,263,380,601,641,653,228,535,449,337966,1,1,1,46
450,66986,93763,57055,101587,401,530,323,317,494,696,423,771,299051,1,2,1,55
451,76572,118718,100458,61358,389,524,269,721,564,690,402,654,175910,1,2,2,47
452,50979,70422,72666,87358,308,611,486,505,575,638,693,749,153147,1,3,2,48
453,59169,87465,139563,136532,651,622,252,767,551,593,650,411,484916,1,1,1,65
454,57361,115012,77706,140785,320,737,441,722,404,480,273,544,289736,1,3,1,68
455,137330,54191,101875,75195,245,628,245,776,431,512,340,428,103124,1,1,2,62
456,70686,62725,140157,102717,716,448,391,422,303,440,160,518,277568,1,2,1,33
457,100765,50397,128877,91978,792,394,763,314,409,547,504,657,435534,1,1,1,22
458,95508,82642,108743,135260,189,216,200,548,200,671,196,456,224609,1,3,1,47
459,100583,56383,140040,130072,779,101,685,553,331,151,366,525,113565,1,3,1,31
460,106372,99435,60697,103320,773,639,611,513,435,742,124,463,368138,1,2,1,22
461,106694,139175,53811,122400,126,615,104,126,663,218,675,548,189611,1,3,1,40
462,66445,55610,138467,63300,288,278,617,609,471,487,127,411,176110,1,2,1,28
463,89658,78742,120164,79863,295,710,489,380,512,415,608,200,186074,1,3,1,58
464,78328,70742,134955,66909,259,683,174,423,486,116,588,204,416405,1,2,2,61
465,117071,109486,90850,71349,143,163,443,487,136,265,699,557,133553,1,1,1,26
466,93750,98053,131332,113422,593,450,401,106,601,507,680,274,215029,1,2,2,53
467,71896,90748,130408,72490,558,604,797,242,454,586,440,547,369473,1,3,2,52
468,139654,148892,59761,145703,664,126,104,263,577,214,555,329,183680,1,3,2,65
469,96542,145684,107653,112306,247,381,439,789,147,410,585,613,426412,1,2,2,38
470,103219,68471,123897,97299,154,652,581,188,325,121,532,297,310184,1,2,1,42
471,75087,68294,138239,106578,485,384,356,474,403,106,707,469,383447,1,1,1,43
472,75408,91238,141302,109574,443,669,716,108,731,472,329,142,445178,1,3,1,62
473,120884,79421,106332,85786,123,666,567,780,431,118,327,462,177697,1,3,2,37
474,86320,121957,87633,103030,221,368,483,736,580,217,186,534,284862,1,1,2,68
475,50139,68333,103739,145959,669,198,373,360,159,156,447,798,293917,1,1,1,31
476,66985,64400,147105,113422,353,617,722,138,292,172,232,109,245920,1,1,1,56
477,64490,126558,85283,63494,268,718,557,747,496,772,239,701,323691,1,3,1,68
478,117509,139648,133435,100703,486,247,452,278,389,341,787,239,278466,1,2,1,42
479,112709,82967,93082,116024,512,360,449,175,486,243,101,627,213325,1,2,1,65
480,79006,52636,64394,60964,673,708,439,314,659,254,509,761,191788,1,2,1,40
481,121990,146401,58013,123145,281,157,446,476,611,325,124,203,359175,1,1,2,47
482,136091,140636,51256,122364,310,486,480,714,778,728,787,217,296760,1,3,1,58
483,88842,77578,125627,67060,164,541,746,643,105,579,347,333,170287,1,3,2,20
484,104915,56050,82629,71106,614,791,727,287,282,375,555,728,182533,1,3,1,39
485,70082,140821,138444,65357,454,353,228,134,691,405,679,595,255538,1,2,2,43
486,59562,92495,129864,99203,695,475,423,562,153,199,484,333,224155,1,2,1,47
487,73983,125046,55142,125496,731,640,179,752,744,279,322,631,132285,1,3,1,46
488,99032,134305,115857,120648,729,115,427,329,767,604,779,469,235322,1,1,1,43
489,133002,112827,65379,104631,358,362,567,505,126,131,296,133,379109,1,3,2,46
490,105202,82785,75915,134623,213,103,613,482,312,549,406,473,473965,1,1,2,36
491,140329,106910,102116,52191,583,190,341,757,388,428,593,715,386204,1,1,1,23
492,131327,122120,56064,72972,690,426,451,566,445,475,779,445,224641,1,3,2,46
493,89491,77791,149901,146778,662,314,736,464,698,762,652,513,139405,1,3,2,49
494,116828,122425,133718,128635,653,461,273,202,302,527,635,148,452728,1,3,1,31
495,85869,70304,90290,131391,157,602,259,346,165,356,194,747,254738,1,1,1,24
496,65492,134300,60368,76768,313,403,197,658,744,473,470,179,124761,1,3,2,50
497,127655,53553,132865,79036,122,570,657,799,522,592,557,781,108756,1,3,2,36
498,92474,125022,77939,61234,336,724,501,685,295,413,685,421,341036,1,3,1,57
499,67243,67510,82964,115887,720,765,497,769,769,388,698,361,317388,1,3,1,40
500,95199,146534,142300,103988,279,451,740,365,689,172,746,334,109752,1,1,1,35
501,148630,127816,74686,127638,643,683,355,178,115,785,608,181,251793,1,1,1,50
502,131044,142660,79664,74120,781,314,259,436,201,626,328,521,482153,1,2,2,49
503,91707,110666,98953,137822,636,643,641,595,173,487,276,116,460097,1,3,1,31
504,58897,80664,122055,138851,477,764,774,207,500,746,626,692,242304,1,3,2,28
505,103863,138326,104690,116634,382,653,132,581,247,679,690,122,367425,1,3,2,59
506,58480,72383,63866,133459,311,634,400,744,656,379,583,774,271111,1,3,1,66
507,101620,119584,103695,60494,782,596,403,133,463,470,796,103,124370,1,1,1,34
508,101364,108725,118426,56314,392,497,199,127,519,285,376,218,287768,1,1,2,46
509,68842,107283,67220,70473,174,569,714,127,484,438,563,439,177502,1,1,2,63
510,136175,67071,114290,100478,436,424,493,409,251,696,653,149,354330,1,1,2,66
511,101302,84168,133901,106107,381,559,516,736,441,458,182,699,267565,1,1,1,33
512,117576,148501,134537,143280,772,670,314,163,406,662,577,165,326916,1,2,2,40
513,99519,138099,55359,67807,507,654,192,462,533,701,608,563,471324,1,1,2,34
514,62711,135655,108055,72774,343,183,320,120,426,249,581,155,306331,1,2,2,57
515,59961,57910,106676,120108,782,384,149,686,162,728,538,781,383356,1,3,1,45
516,94063,58369,144501,54089,677,509,493,726,255,140,313,272,470766,1,2,2,64
517,95333,51979,97255,74118,411,519,420,145,562,607,178,244,253986,1,3,2,36
518,68357,94294,97364,101110,663,313,447,156,787,340,128,705,445331,1,2,1,57
519,120470,87883,91677,122878,304,751,175,770,446,110,776,748,354604,1,3,2,52
520,130281,74346,76823,110426,332,575,535,366,708,552,423,769,264202,1,2,1,20
521,94168,101820,115980,84374,515,715,117,396,291,616,616,478,191261,1,1,2,48
522,143579,64648,133313,114314,519,732,731,735,756,540,379,693,468409,1,1,1,44
523,116088,146642,95159,118259,251,389,498,302,526,580,305,420,477230,1,2,1,37
524,103894,119411,131634,63414,117,168,651,614,423,467,697,500,325545,1,3,2,30
525,82978,89859,101864,70677,398,328,446,723,338,387,781,407,469193,1,2,1,35
526,139451,103685,101461,99140,593,408,501,572,474,480,422,355,321197,1,3,1,61
527,68333,74829,76461,75289,423,287,301,610,453,754,165,605,398679,1,1,2,66
528,66876,54233,76924,135781,356,385,487,274,326,131,579,281,192177,1,2,1,63
529,61544,87178,143375,53694,242,171,706,741,390,615,392,391,393613,1,1,2,34
530,115878,132822,126734,113759,743,294,283,409,548,479,268,215,361647,1,2,2,47
531,59937,128013,120929,102744,579,405,508,495,165,679,501,361,267774,1,2,1,20
532,50588,135519,145727,78690,316,225,446,611,689,332,115,792,290358,1,2,1,28
533,75992,90538,81272,94162,565,401,774,111,171,612,539,333,426196,1,1,1,59
534,123412,75564,102732,115890,613,171,337,119,347,766,164,142,351108,1,2,2,69
535,116630,127976,119922,147237,545,589,537,607,796,341,156,672,430169,1,3,1,39
536,147396,84043,112190,135999,484,590,717,191,746,451,220,376,126094,1,3,1,64
537,136268,63741,51565,88314,147,150,699,174,653,108,302,709,375398,1,2,2,61
538,120099,114927,68835,134725,203,674,661,755,738,354,754,673,459759,1,3,1,64
539,66898,94360,94836,86753,223,648,395,385,438,585,117,594,100959,1,1,2,60
540,119389,101012,131852,51089,333,260,120,500,501,272,221,104,170980,1,2,1,52
541,117790,52058,149820,90547,556,292,714,230,497,736,754,755,234932,1,2,1,21
542,118603,55025,109404,99021,780,247,551,626,473,409,773,337,196306,1,1,2,41
543,77412,135102,73913,141107,396,752,382,519,406,633,277,529,382214,1,2,1,24
544,147133,108458,125405,81263,621,234,664,706,148,279,539,251,208989,1,2,2,26
545,129625,117812,89163,93830,135,262,650,481,303,772,429,226,317921,1,1,2,26
546,57631,82610,149358,54931,199,514,731,611,693,571,464,684,124280,1,1,2,52
547,115585,61680,106401,73975,764,355,485,724,345,201,453,703,327484,1,1,2,42
548,106187,73076,145577,91157,753,102,630,760,253,701,544,533,268379,1,1,1,33
549,109689,101249,97244,112909,477,180,229,401,355,587,615,182,106824,1,1,1,25
550,88654,106735,62642,77150,599,444,533,411,448,391,358,514,256832,1,3,2,32
551,70616,58103,67652,65861,274,128,275,126,503,252,726,209,444743,1,1,2,44
552,94621,145236,69427,77961,543,156,748,388,681,251,509,638,108399,1,1,1,54
553,128653,71069,79787,93496,702,153,289,288,530,417,370,320,169710,1,2,1,34
554,126305,121775,98441,76907,703,789,144,118,797,460,375,259,327485,1,1,1,60
555,84157,110520,54907,101664,156,330,182,381,364,576,524,118,378337,1,1,1,34
556,85164,86152,118980,57438,682,147,520,706,510,732,353,295,404477,1,3,1,64
557,120331,112088,145686,144015,478,316,445,252,348,611,658,552,145352,1,3,1,64
558,58242,98212,78748,61099,183,706,548,490,700,565,747,560,207143,1,1,2,35
559,93220,58354,118258,92868,747,204,244,529,670,346,649,772,448362,1,3,2,52
560,55437,144991,144425,52480,449,281,576,164,283,362,584,758,148502,1,3,1,45
561,72224,119954,50827,88099,477,392,690,580,730,548,376,440,346539,1,2,2,60
562,66298,136658,54412,102471,461,389,734,561,284,150,297,299,290642,1,3,2,54
563,107658,59426,67401,121870,652,204,304,497,209,485,625,715,422191,1,1,1,24
564,53117,118218,134451,135836,179,118,730,788,666,218,256,104,483699,1,2,2,45
565,114826,87978,130389,140941,635,299,524,228,627,583,450,447,368420,1,3,2,42
566,134687,80362,121992,110843,179,383,363,696,218,521,694,302,361099,1,3,2,42
567,113248,73098,142982,83664,280,520,162,358,799,534,746,226,368963,1,2,1,56
568,72249,110128,72647,148850,229,544,297,522,414,578,282,445,390139,1,2,2,57
569,123740,141819,97670,76971,350,404,563,616,722,244,588,449,191714,1,1,1,64
570,90911,144547,87744,132721,129,126,227,662,565,260,437,403,310209,1,2,2,51
571,77877,142358,97243,128468,283,474,388,797,764,546,103,696,294556,1,1,1,65
572,128582,119629,148157,113063,710,241,243,511,694,593,698,572,299254,1,1,1,54
573,68813,101379,71228,82397,419,524,140,568,748,658,677,251,321495,1,2,2,53
574,124660,54934,99463,76700,705,383,109,600,668,642,359,269,241259,1,3,1,64
575,89177,88628,61799,65095,728,462,127,637,410,477,288,112,152765,1,2,1,48
576,133462,90164,98838,105514,334,380,705,304,485,335,642,652,332687,1,2,1,28
577,116718,67861,141892,103090,434,332,163,539,622,402,622,641,477275,1,1,2,61
578,116701,112977,69861,78436,132,230,237,466,104,227,274,776,424996,1,1,2,43
579,123602,122298,112766,50777,376,652,364,556,288,463,580,122,372658,1,3,2,27
580,118705,57345,61346,143679,697,727,300,281,407,322,357,499,244045,1,1,2,21
581,112469,116557,102180,119538,244,575,627,395,340,111,436,140,204408,1,1,1,20
582,66281,120714,95920,77828,571,371,775,766,716,397,693,348,349553,1,2,1,55
583,84648,63122,132497,122563,649,290,480,624,620,249,198,392,270697,1,1,2,61
584,104361,107416,105828,66251,435,614,312,226,243,726,689,210,485221,1,3,2,23
585,103993,107459,52242,136560,512,117,469,344,494,223,337,506,318916,1,2,1,57
586,110738,141607,87899,72510,158,525,541,678,334,104,713,144,108628,1,3,2,39
587,71724,63897,85482,143849,213,399,458,177,218,767,301,591,111359,1,3,2,30
588,124780,118375,110964,104219,132,140,317,216,566,622,593,406,170261,1,1,1,41
589,115536,73177,131049,98761,461,323,688,521,762,161,315,420,496255,1,3,2,57
590,137292,130690,149929,107854,627,293,754,186,110,779,229,697,190649,1,2,1,64
591,51741,53243,85597,118839,462,113,275,458,708,122,789,615,176690,1,1,2,26
592,71626,136884,95218,55994,176,110,107,375,299,296,271,625,422266,1,3,2,58
593,66833,115050,105557,110532,118,459,607,561,544,109,307,164,456124,1,3,2,43
594,146915,62575,116183,60369,453,575,299,274,670,718,464,753,385967,1,1,2,22
595,74957,87719,108354,107597,152,776,338,462,406,707,105,524,480499,1,2,1,40
596,142100,143810,116236,114072,687,104,580,423,234,385,245,496,436399,1,2,1,57
597,77362,129407,56866,101671,636,721,721,253,351,291,498,686,217854,1,2,2,46
598,134690,115164,76669,125328,149,103,364,383,626,699,685,478,374542,1,2,1,37
599,84086,114719,50742,66456,549,409,286,126,558,739,513,782,181640,1,3,2,34
600,59864,128466,148003,82994,660,139,750,134,733,797,714,727,387946,1,2,2,32
601,105153,147061,117405,121116,550,499,323,772,525,458,126,129,225355,1,1,1,26
602,135345,80330,135341,106810,379,495,289,461,112,127,356,581,454006,1,3,1,49
603,103093,59992,139603,137024,357,204,779,117,797,272,200,426,239210,1,3,1,57
604,113990,76466,94823,136875,144,733,448,397,417,221,252,693,333448,1,3,1,30
605,89969,79469,123985,136337,268,642,104,505,385,232,190,734,289876,1,3,1,48
606,65150,125295,146354,105300,701,349,381,229,411,545,360,502,212687,1,1,1,64
607,144761,62995,138396,54912,369,135,744,753,296,243,402,292,151423,1,3,1,35
608,117920,112363,149645,109366,343,772,111,347,140,180,254,608,212101,1,2,1,59
609,132713,50619,105363,92308,656,234,385,377,665,294,422,253,312645,1,1,2,24
610,142938,92984,62805,109753,431,181,173,231,545,676,737,434,393545,1,1,2,37
611,60959,55962,68444,144857,515,492,207,225,305,521,569,592,359510,1,2,1,51
612,125951,142801,142016,73445,254,642,373,685,656,731,445,536,331961,1,1,1,59
613,101423,113875,133877,105134,274,236,651,782,753,409,246,750,205761,1,2,1,34
614,67446,124036,148983,66117,373,406,303,177,347,534,237,579,281910,1,3,1,56
615,131343,90958,62727,123033,163,202,753,617,317,159,673,192,361240,1,3,2,66
616,108163,123386,97310,62660,420,556,717,660,768,547,155,254,334822,1,1,2,22
617,136109,137964,110324,103074,196,550,797,324,692,598,232,198,368493,1,2,2,25
618,124452,60451,102764,54188,470,634,657,592,521,358,164,788,363431,1,3,1,32
619,97512,114507,87212,100269,160,618,333,275,174,146,154,607,450192,1,2,1,28
620,131900,85072,97413,83019,333,595,676,266,236,482,447,241,275394,1,3,1,52
621,110827,118955,59528,143696,317,740,626,648,127,495,102,501,133732,1,3,2,44
622,127236,62696,104004,86975,109,374,201,198,400,759,127,516,340547,1,1,2,59
623,143162,119723,97874,64164,276,289,716,648,178,696,456,390,448710,1,2,2,54
624,116083,99115,147498,114772,297,378,271,758,514,367,204,428,279978,1,2,1,51
625,101991,101141,79661,103696,709,113,640,782,509,116,733,104,360808,1,3,1,24
626,75116,52725,136301,62765,405,606,135,325,452,548,286,488,294089,1,3,1,63
627,130185,55123,111912,104774,180,147,486,285,692,175,707,274,185073,1,1,2,27
628,51253,96081,53184,148997,739,261,307,673,543,134,357,715,495559,1,1,1,45
629,109420,90477,81696,104977,159,305,798,635,793,733,606,735,444713,1,2,2,63
630,99349,73989,104707,113292,696,334,623,765,306,219,583,673,386026,1,2,1,55
631,58950,122088,114176,87919,771,601,511,791,261,670,514,734,375130,1,2,1,39
632,98180,98739,82971,63934,433,398,673,165,452,298,769,743,487746,1,2,2,44
633,91517,103666,63035,85269,679,360,307,188,734,125,320,241,294379,1,1,1,34
634,83993,134959,77961,87173,151,242,145,399,248,415,126,363,136136,1,3,2,61
635,55041,127606,98987,67667,754,733,196,297,726,334,319,359,435826,1,3,1,49
636,117414,110052,70861,96174,300,479,423,432,670,759,770,305,496719,1,1,1,45
637,76639,88232,103222,103582,586,532,419,539,262,179,256,511,172018,1,2,1,62
638,148071,113625,105593,71854,209,302,107,362,575,543,746,117,327133,1,1,1,42
639,130839,136884,90206,120399,559,390,249,758,598,741,305,399,235538,1,3,1,56
640,99184,97855,117111,67287,283,380,576,719,303,577,478,621,276324,1,1,2,61
641,121279,148892,102291,142846,222,502,414,407,771,351,792,301,410982,1,2,2,32
642,80999,148351,124192,102755,630,243,129,743,504,428,443,646,400397,1,2,2,56
643,111388,140869,55444,62042,717,357,707,367,615,391,158,369,367780,1,2,2,62
644,78538,85081,80534,149330,366,103,576,303,597,471,133,622,261349,1,1,2,52
645,127186,135636,76134,86354,740,621,506,735,381,545,125,370,486694,1,2,1,60
646,79718,105375,66532,53280,477,454,275,248,328,795,175,692,412115,1,3,2,39
647,67688,121057,92705,116010,283,359,557,777,205,578,277,153,121290,1,1,2,51
648,96829,94239,95835,126359,547,795,299,512,683,663,607,641,450840,1,2,1,21
649,63232,145443,53680,82970,276,161,418,236,437,385,660,432,347374,1,3,1,56
650,148520,88943,72353,76105,198,462,436,723,620,383,260,443,330805,1,3,2,21
651,87167,56500,149837,89009,536,368,401,295,133,672,593,364,431392,1,1,1,26
652,147528,90865,65515,52119,748,358,393,250,189,566,343,669,200709,1,1,1,62
653,96724,125900,88906,90911,203,383,544,688,484,627,410,397,127344,1,3,2,48
654,62059,54730,131078,115347,506,284,612,395,318,432,208,524,229251,1,1,2,55
655,115308,71153,126683,141184,555,548,433,160,463,675,568,797,391529,1,3,2,52
656,54589,73396,102760,117970,190,563,327,706,668,709,470,746,387152,1,3,2,66
657,109233,89214,126549,79696,616,425,774,161,649,643,322,462,106639,1,1,1,35
658,83642,121661,104614,145314,777,585,546,118,500,235,496,536,205054,1,1,1,21
659,52827,92212,53765,141871,791,487,701,363,147,662,677,238,175382,1,3,2,52
660,80248,137057,57201,79754,353,756,403,280,782,398,719,654,228041,1,3,2,47
661,142974,64199,116423,76537,768,644,766,102,309,557,720,251,229014,1,2,1,43
662,116333,51215,88095,145520,358,459,191,763,514,193,793,352,133900,1,3,1,56
663,59202,64945,75995,80351,585,143,221,410,281,672,439,103,454793,1,3,1,65
664,97167,89811,130646,116269,737,252,507,439,411,691,691,337,156360,1,3,1,23
665,115794,62929,67752,92886,340,644,347,312,359,484,598,145,176173,1,3,2,64
666,92572,110949,76174,62451,489,620,616,246,666,401,432,506,224379,1,2,1,25
667,125349,114965,144167,72835,776,508,693,702,266,284,141,439,428855,1,3,1,34
668,52549,106254,115327,106547,259,164,168,763,610,191,261,599,353647,1,2,2,65
669,78244,118896,146401,72780,410,659,286,403,659,289,580,244,216001,1,1,2,59
670,90983,79086,101770,100318,323,306,351,601,360,140,611,515,355723,1,3,1,69
671,138478,129436,104753,111068,142,570,129,183,251,261,430,153,229441,1,1,1,65
672,138652,115308,70716,77403,348,559,672,493,239,127,472,432,351156,1,3,1,45
673,52246,88612,88650,103291,785,575,483,720,763,690,110,791,375620,1,1,1,45
674,76169,77543,56261,104062,137,580,100,572,172,614,540,526,282269,1,3,1,36
675,54145,96633,115612,129505,719,702,248,367,440,169,557,385,378527,1,1,2,31
676,143033,132257,96123,85553,737,604,301,687,764,580,218,301,484935,1,3,1,41
677,109633,74871,143048,51191,613,787,612,776,555,463,123,389,181848,1,2,2,57
678,82668,98066,70715,74508,433,645,571,406,597,786,720,621,320484,1,2,2,46
679,130354,81107,146475,60959,320,247,225,633,466,132,149,136,358813,1,3,1,58
680,64926,107546,52547,122141,595,545,218,391,716,139,407,447,483075,1,3,1,60
681,87629,90154,74090,51680,420,511,435,447,168,389,725,389,360327,1,2,1,44
682,73029,128941,70269,66944,656,251,136,498,338,505,634,610,320144,1,3,2,24
683,90583,107371,53807,59569,272,510,250,725,149,507,786,250,474450,1,2,1,42
684,79198,116805,89993,133431,315,580,692,706,772,417,282,215,308021,1,1,1,55
685,52608,59646,118749,118130,292,325,420,717,371,228,243,326,106101,1,1,2,22
686,80348,83753,92449,147914,578,328,374,256,270,607,421,394,157275,1,1,1,32
687,59154,108563,101988,103446,347,759,561,702,103,284,716,132,161781,1,3,2,34
688,117517,128381,94989,142837,576,244,485,365,253,170,470,307,381645,1,3,1,57
689,55742,107827,104462,54449,470,225,204,688,703,261,770,380,422948,1,2,1,66
690,113132,108494,61190,52675,460,603,363,579,762,119,449,393,179751,1,2,1,60
691,79885,50086,78845,84440,312,605,743,483,618,522,563,663,204238,1,2,1,43
692,106785,87559,94989,149712,692,720,556,413,412,214,334,132,400713,1,2,1,69
693,98862,71097,99673,60223,660,388,263,187,363,574,468,108,420100,1,1,1,54
694,129091,79307,142859,61349,582,680,379,663,449,706,480,701,331582,1,2,2,29
695,100395,147265,80091,104189,351,626,132,279,603,572,577,679,480762,1,2,2,28
696,113724,58856,78285,104427,484,745,283,328,613,250,208,373,369749,1,2,2,60
697,140279,141866,143228,149982,622,298,630,398,404,361,527,449,379976,1,1,2,59
698,85250,102467,58843,112764,423,316,650,705,256,778,771,684,144948,1,1,2,28
699,75514,83118,59676,79278,204,255,189,389,391,394,753,405,339018,1,1,1,48
700,60191,93485,115869,63695,516,246,531,446,186,205,342,102,386923,1,1,1,49
701,56825,129315,75922,58337,756,790,578,547,322,761,293,434,223911,1,3,2,53
702,99214,100799,123386,140909,697,580,279,709,763,367,683,186,497375,1,1,1,33
703,94793,52944,114558,111670,242,613,158,559,691,594,381,490,272056,1,1,1,45
704,110702,65967,79067,91308,703,142,116,173,508,729,173,762,181326,1,3,1,27
705,94483,127799,137103,119541,446,507,601,116,138,621,216,526,450178,1,1,1,43
706,59447,129807,134063,99373,321,269,719,447,158,306,753,621,221952,1,1,1,57
707,121763,139442,117338,119865,113,260,608,539,462,412,134,306,312863,1,3,2,61
708,147053,85181,83001,55252,263,582,362,391,477,283,625,129,275914,1,1,1,60
709,103012,62799,109166,82904,766,733,659,442,105,271,116,548,467514,1,1,1,49
710,126187,98470,143447,114081,537,789,231,427,168,644,140,668,452849,1,1,1,60
711,123512,132830,143304,148656,417,670,758,373,137,366,155,531,115295,1,1,1,55
712,79762,139018,105160,55237,270,476,319,595,544,462,129,532,227828,1,3,2,24
713,98072,67385,147472,149268,494,272,527,675,248,627,391,438,184210,1,1,1,40
714,74016,80729,89153,102395,303,793,437,344,483,385,258,551,216571,1,2,2,20
715,89243,76523,141587,146914,524,432,555,730,468,789,165,203,166259,1,1,2,20
716,109922,64179,102755,104632,545,168,518,320,599,385,186,218,167400,1,1,2,68
717,83407,97497,72660,127351,502,624,456,358,412,302,100,669,496644,1,2,2,62
718,118461,86126,140932,132401,305,287,594,326,289,203,781,288,315616,1,2,1,28
719,106645,98695,89144,121564,612,555,138,743,691,485,223,221,128927,1,1,2,63
720,114679,60720,131499,51334,340,642,179,478,256,511,208,405,144203,1,2,2,21
721,103485,124958,91333,91129,794,324,151,308,419,615,546,118,365813,1,3,1,22
722,103025,121091,129519,55558,186,191,613,289,585,489,181,721,417814,1,1,1,47
723,69497,65705,119473,77706,169,691,780,230,143,760,243,414,290775,1,1,1,38
724,99476,93118,90526,118224,412,652,298,672,513,795,773,195,473465,1,2,2,23
725,110252,63266,117180,92901,445,745,343,484,727,284,736,398,375250,1,2,2,63
726,70114,83495,102157,81703,250,203,574,529,163,486,301,715,286107,1,1,1,31
727,54305,142804,119061,80885,219,296,535,651,359,286,449,352,424264,1,3,2,63
728,145005,91582,119929,58183,632,459,538,313,437,594,714,190,446299,1,1,1,69
729,57663,125880,51106,124100,188,550,131,297,740,180,753,591,336920,1,3,1,63
730,130262,75029,101215,130658,292,427,791,407,503,481,709,165,448558,1,2,2,32
731,86420,75233,111336,102115,315,647,506,710,761,396,440,448,107341,1,1,1,24
732,129841,94283,65892,65349,235,593,713,601,441,363,467,682,410542,1,3,2,54
733,84505,99581,134332,135944,624,799,360,248,600,262,459,180,127587,1,1,2,36
734,51935,109152,117155,148428,562,433,336,225,401,186,191,743,314640,1,1,2,65
735,98239,105055,116123,79180,755,482,236,167,320,442,304,698,159277,1,1,1,58
736,66209,64696,145079,89508,414,328,413,250,185,116,286,224,470518,1,3,2,26
737,147352,74195,102233,65298,789,144,396,203,579,235,384,559,314786,1,1,2,25
738,124187,125395,78150,102842,502,740,532,228,775,107,777,282,177604,1,3,1,24
739,131194,127897,52445,91178,205,777,211,550,109,549,735,768,152622,1,1,1,29
740,53016,85106,107335,104563,128,715,434,680,328,101,498,273,112229,1,3,1,45
741,116420,97612,89465,113819,147,654,766,272,117,673,727,447,412367,1,3,2,63
742,119100,55573,127321,145742,584,595,767,407,338,391,529,235,275981,1,3,2,56
743,67909,111964,93140,122159,619,673,527,409,370,536,436,198,109460,1,1,2,30
744,139530,100430,54764,93377,109,551,645,750,442,315,649,597,241224,1,3,2,59
745,56120,111451,72482,149170,562,190,659,551,180,330,704,223,439907,1,2,2,30
746,67983,147716,64593,109316,531,172,284,115,170,525,662,497,250943,1,3,1,27
747,69841,96387,91391,117984,303,230,167,713,599,528,732,640,418087,1,3,1,24
748,63829,122358,148686,146349,303,668,321,294,521,476,510,552,419843,1,3,1,64
749,110635,121595,124167,100316,244,409,337,629,412,621,568,433,161718,1,1,2,30
750,87718,74288,108062,146898,117,114,346,215,424,378,681,787,313040,1,1,2,59
751,87288,132741,113622,127108,149,664,346,591,722,321,282,369,320900,1,2,2,65
752,139115,91501,63498,74807,757,222,726,765,748,175,183,292,267202,1,3,1,21
753,85116,106289,74054,149766,640,549,260,317,721,415,413,147,218463,1,3,1,47
754,129214,98130,72238,72709,670,405,585,430,488,243,456,663,492704,1,3,2,43
755,108019,149394,59155,59332,612,480,328,588,650,725,501,590,243229,1,3,1,63
756,124746,117135,107235,144662,582,695,434,180,371,335,693,164,457309,1,2,1,40
757,143500,71156,123618,131422,626,340,165,274,374,534,693,326,147884,1,1,2,36
758,101224,103440,107919,67165,191,111,406,163,409,216,456,551,284108,1,1,2,55
759,80222,80139,83824,78437,582,476,771,760,487,568,477,174,443264,1,2,2,32
760,62280,122682,125835,76357,387,574,789,240,219,457,261,624,347592,1,3,1,20
761,53944,78204,108191,128229,134,505,286,402,693,384,661,209,138431,1,3,2,66
762,141314,59581,57938,112347,497,347,316,741,519,529,585,738,385656,1,1,2,46
763,121162,72486,118543,137501,445,384,231,414,355,653,232,472,261713,1,2,2,64
764,118407,62116,105126,142069,385,621,747,561,751,736,437,445,250215,1,2,1,28
765,84080,119323,73807,92029,223,790,274,661,627,325,315,174,400132,1,3,2,46
766,50349,93693,89814,68824,767,627,542,799,354,735,729,120,283725,1,3,1,23
767,99435,92840,61323,91528,659,685,488,488,345,548,172,306,130949,1,1,1,50
768,78181,92244,70628,78521,177,790,357,517,221,282,713,557,362277,1,3,2,47
769,61155,116421,137469,121223,314,296,581,559,741,724,260,450,277180,1,2,2,43
770,71747,146965,113103,97499,678,663,479,690,181,283,284,444,301428,1,2,1,65
771,75918,138225,138736,66577,190,612,375,281,545,266,664,478,163074,1,2,1,26
772,144707,91781,113841,134225,584,361,212,389,692,170,750,200,421532,1,3,2,59
773,88859,91540,75450,119282,338,438,150,650,321,491,340,134,185613,1,1,1,66
774,116047,120524,103960,106300,647,162,150,137,368,645,172,743,389165,1,1,2,23
775,94770,119201,59913,60904,564,318,463,325,542,138,639,105,308387,1,1,1,43
776,136413,148830,56448,53632,193,728,412,604,193,553,249,209,263751,1,3,2,69
777,135373,147648,60053,97541,553,425,372,784,313,173,433,717,188796,1,3,1,60
778,138587,104772,67696,119282,662,693,496,669,423,452,292,480,305867,1,3,1,37
779,93151,132024,55237,105492,268,266,319,148,448,510,222,505,263090,1,1,1,65
780,65156,88497,66034,143696,578,308,447,330,283,790,366,488,483873,1,1,1,63
781,84628,97102,105455,75949,387,301,736,675,690,481,279,417,254372,1,2,1,30
782,135636,105331,74470,112291,522,330,744,620,702,597,263,212,388086,1,2,1,55
783,73748,102739,92153,82755,266,622,523,640,567,556,113,230,179475,1,2,1,46
784,123541,73649,53072,65298,543,275,664,398,331,585,391,473,320594,1,2,1,62
785,76758,125937,115989,126192,141,441,308,544,683,542,649,440,304462,1,2,2,55
786,121739,122716,62241,75298,256,606,383,678,772,117,119,417,434257,1,1,2,32
787,74824,147130,63811,148404,150,734,729,576,238,221,191,237,478438,1,1,1,63
788,124498,71306,147573,63422,170,504,152,343,652,635,363,306,405551,1,2,2,64
789,106538,60022,144266,103920,271,595,162,262,782,329,520,323,428098,1,3,1,22
790,99622,84130,91151,78650,442,783,243,479,537,115,122,699,214023,1,3,2,34
791,98833,95345,84853,128957,747,343,129,400,665,560,486,363,132780,1,2,2,44
792,75317,61693,133556,117946,177,295,170,271,670,556,738,766,388365,1,1,2,29
793,100378,134211,50539,122904,234,535,116,562,305,349,334,114,341816,1,2,1,20
794,57947,105237,51120,103947,573,171,756,654,728,108,589,572,260249,1,1,2,43
795,62774,89727,140162,123182,198,227,781,145,128,710,729,639,201072,1,1,1,47
796,92554,73877,82516,111476,372,115,136,581,169,789,233,677,341590,1,3,2,35
797,72873,104929,79363,55306,111,385,590,461,421,128,223,518,383972,1,1,1,65
798,55331,102390,79122,78552,300,772,687,333,343,537,118,782,252339,1,3,1,23
799,98646,58614,146364,92521,376,344,247,428,330,167,560,380,232681,1,3,2,55
800,101745,113313,139097,90378,488,350,699,354,622,640,689,507,455276,1,2,1,29
801,85385,96972,120931,138077,366,611,344,378,430,732,637,196,432300,1,1,1,31
802,139406,141384,69876,123122,559,123,666,108,556,236,325,602,306884,1,1,1,55
803,63015,143658,118522,148916,462,697,125,773,354,328,608,630,116927,1,2,1,30
804,102528,93881,137694,121625,324,616,149,453,730,627,376,198,326334,1,3,1,37
805,69026,141184,143205,90925,664,409,690,222,596,531,706,566,432968,1,2,2,68
806,132085,138869,87873,140555,751,605,239,223,591,407,566,556,422571,1,2,1,59
807,108847,82897,71218,121169,404,256,448,457,500,799,796,586,172317,1,3,1,35
808,96860,102018,109511,110695,149,531,511,328,239,709,592,184,171137,1,1,1,62
809,101727,58729,63451,64946,239,594,300,694,780,540,267,105,430352,1,2,1,49
810,144749,55921,93190,128182,199,100,143,584,177,461,384,648,288067,1,1,1,26
811,118812,108249,135279,105215,619,497,297,465,688,564,758,364,237986,1,3,2,47
812,66834,71930,147725,55307,268,496,561,528,709,135,112,127,371062,1,1,1,22
813,84839,133391,60852,80082,473,545,459,730,499,175,721,563,465829,1,3,2,23
814,68463,137402,73515,147212,379,213,636,494,341,485,110,420,390439,1,2,1,48
815,119197,145919,79268,57134,581,185,197,680,205,574,149,223,190858,1,1,2,50
816,55090,130164,133954,118211,475,456,240,562,419,329,149,233,391778,1,2,2,28
817,122261,116469,53330,110400,108,600,249,771,484,415,545,229,193175,1,3,2,61
818,89381,143866,99004,70459,533,107,377,350,173,795,613,691,110960,1,3,1,38
819,58983,113994,91488,112863,793,414,605,595,646,562,399,511,306694,1,1,2,47
820,65430,79054,81414,59448,551,257,232,154,405,238,207,230,420082,1,2,2,66
821,80320,71455,147423,53641,535,333,456,756,744,222,733,692,444986,1,3,1,21
822,101819,67169,71638,110001,635,447,714,788,784,522,294,163,204515,1,2,1,27
823,102975,104334,62343,132167,282,361,486,626,478,267,559,730,175480,1,2,2,38
824,92771,89348,132634,53719,432,303,743,420,766,357,626,493,115795,1,1,1,39
825,134235,72702,141358,72456,468,501,364,617,281,430,538,667,257686,1,2,1,25
826,110163,101328,95965,117487,549,703,693,144,252,619,758,204,161199,1,3,1,67
827,86606,81946,76017,143804,655,612,663,218,339,215,435,456,478105,1,1,1,59
828,71146,101838,104994,75070,779,335,730,788,632,119,341,291,328016,1,1,2,21
829,114669,132702,71757,121781,526,613,317,459,556,535,479,515,310101,1,3,2,40
830,134068,94855,148685,140454,703,315,603,693,294,491,363,183,243658,1,1,2,33
831,111905,82343,80568,93782,533,631,682,311,426,446,514,767,173003,1,2,1,45
832,109864,97336,92806,53758,109,141,540,370,184,392,760,483,451106,1,1,2,67
833,132061,139852,83342,52048,467,378,268,270,202,497,420,325,114631,1,1,1,48
834,146908,51454,104931,128534,213,403,137,660,686,454,432,299,285278,1,1,1,39
835,76687,100687,79697,78044,530,444,543,515,439,685,114,622,456352,1,2,2,45
836,106850,109628,132261,99452,491,672,498,435,224,618,250,474,375124,1,2,1,30
837,95470,108567,51493,103786,186,774,288,358,492,252,225,355,479544,1,2,1,26
838,120225,125598,132224,117544,327,683,625,352,186,471,479,242,264525,1,1,1,57
839,137399,124073,60194,94331,519,410,524,485,471,238,316,550,406987,1,3,1,56
840,94313,89293,124849,70574,180,295,329,225,556,178,597,378,196884,1,3,1,51
841,61616,98383,60722,102103,636,326,428,661,545,691,235,429,332522,1,1,1,62
842,100062,105883,115279,82492,345,187,757,516,193,103,759,621,457272,1,1,2,50
843,109428,69243,102550,56446,307,278,105,622,532,477,165,315,207002,1,2,2,48
844,135842,93737,67566,117735,203,644,118,750,539,697,107,604,165689,1,1,1,50
845,97298,99571,58247,140140,315,107,566,562,634,533,723,756,177504,1,3,1,40
846,147499,68831,107473,136820,559,220,792,329,134,113,459,322,361562,1,1,1,51
847,139786,66048,124797,92264,293,690,416,232,155,690,484,627,482031,1,3,2,42
848,59190,92882,99468,134332,447,600,346,340,777,653,544,467,398076,1,1,2,44
849,91178,95505,125345,101988,318,718,602,677,726,768,417,321,204614,1,2,1,22
850,104387,142723,100221,62359,478,103,261,179,514,244,535,608,231554,1,3,1,42
851,134997,71789,133151,85614,537,738,684,763,392,505,311,486,107691,1,2,1,67
852,70597,73748,128753,51287,179,310,109,534,758,140,420,100,442643,1,1,2,68
853,123696,84932,124924,140010,308,152,365,152,621,195,407,710,145952,1,2,2,63
854,57029,120475,122527,65213,774,545,778,420,500,768,580,516,255894,1,2,1,25
855,96100,121679,90655,90062,643,135,537,133,461,404,289,425,133386,1,2,2,44
856,60338,133619,140867,89827,255,671,271,122,708,715,484,152,159670,1,2,1,53
857,69511,56318,104529,83355,564,136,183,798,417,476,325,790,226662,1,1,1,42
858,120268,134584,140879,110549,782,254,312,319,547,332,631,233,146086,1,1,2,24
859,90017,68130,60059,54201,472,641,603,442,535,514,517,481,179165,1,3,1,31
860,77310,53587,109856,68540,572,417,702,249,144,445,710,690,400755,1,3,1,33
861,138393,59321,52581,88509,268,703,464,456,759,488,109,129,223954,1,3,1,47
862,73237,64735,84799,105721,148,783,140,399,535,120,434,271,252471,1,2,2,38
863,137292,89997,69659,107843,753,751,336,292,422,277,707,785,219237,1,1,1,25
864,134559,140029,74715,127275,470,450,158,436,188,782,164,457,438206,1,2,1,34
865,115454,97297,130086,52402,607,690,469,264,333,245,572,454,167775,1,1,2,29
866,62949,77691,63584,144323,601,763,591,741,643,549,695,520,233391,1,1,1,42
867,90106,147277,71683,71275,506,130,320,298,736,381,488,578,338160,1,2,2,63
868,69668,76391,75749,125426,171,379,786,651,133,196,631,603,278324,1,1,2,59
869,130447,93508,55745,115718,309,171,665,216,674,312,655,329,119050,1,2,1,66
870,92702,135234,76065,130480,664,620,379,327,174,690,248,300,320324,1,1,2,30
871,59917,117877,60882,94772,692,556,306,476,754,325,102,582,365689,1,3,1,26
872,105842,123876,100713,149109,401,739,710,602,646,348,550,757,459328,1,2,1,28
873,71675,114989,120843,149155,413,718,625,569,470,783,471,599,318027,1,3,2,23
874,61476,80471,85630,133198,665,743,386,419,358,594,363,140,409341,1,3,1,30
875,104711,134418,75484,136159,120,592,542,628,311,755,659,298,256322,1,1,1,63
876,68318,61908,53329,149752,773,639,358,509,138,245,440,325,192019,1,2,2,61
877,71455,57403,79433,52621,625,579,589,757,431,323,355,716,101428,1,2,1,51
878,143438,81248,67821,143068,692,533,181,742,633,205,184,736,113237,1,2,1,57
879,69456,128812,91990,72983,366,702,777,113,752,796,243,499,400276,1,2,2,67
880,86218,106263,140838,68958,226,128,280,418,542,497,674,399,444306,1,3,2,52
881,80525,145606,101590,136863,492,658,611,342,157,325,140,567,388970,1,1,2,49
882,137556,84000,119465,133877,562,715,156,101,120,399,652,624,423243,1,3,1,46
883,144955,90176,74891,130672,198,135,702,470,638,261,777,190,246761,1,1,1,36
884,136258,138422,130472,145444,117,639,737,104,284,692,187,556,239491,1,2,2,40
885,122740,132934,93062,58761,520,392,317,480,300,243,255,575,281657,1,3,1,49
886,52233,53324,137233,116737,266,687,500,593,786,794,453,691,457400,1,3,2,39
887,78121,101339,60631,105116,193,410,599,634,561,183,703,776,395061,1,2,2,64
888,110508,88344,50413,121873,760,798,293,309,760,290,477,205,464187,1,2,2,37
889,66290,85478,52013,122907,240,362,701,687,125,632,407,362,307447,1,1,1,66
890,89129,78352,93928,140712,161,497,102,561,263,615,761,173,264463,1,1,2,68
891,104301,95344,91491,99261,469,731,633,481,339,478,195,525,182383,1,2,2,53
892,80680,134641,56709,127344,290,125,741,670,244,228,745,446,338569,1,1,1,43
893,122215,116381,51709,94495,240,579,669,110,448,264,588,457,407372,1,1,2,68
894,58457,110447,63315,58220,672,426,761,271,335,170,508,106,322135,1,3,1,46
895,82741,50377,89426,84791,303,603,211,322,466,712,653,286,437590,1,1,1,34
896,100545,85283,57191,119937,308,643,209,462,143,395,791,512,246195,1,2,1,68
897,106570,78931,97890,92601,601,457,730,789,512,796,345,521,218584,1,2,1,26
898,104333,142451,88557,80272,329,321,306,418,403,153,168,338,286110,1,2,1,59
899,54778,129550,144616,96582,728,408,638,709,750,320,252,640,104688,1,1,1,56
900,123332,67255,107093,99619,712,107,649,716,588,193,137,772,163877,1,2,1,44
901,58012,138664,91810,113110,696,446,241,526,199,119,165,474,202684,1,3,2,23
902,106076,109890,109130,94703,130,638,456,445,151,100,216,771,370736,1,1,1,52
903,82686,144801,120816,66146,788,774,363,667,298,728,177,545,435527,1,2,1,61
904,75615,135797,146035,53684,752,505,329,550,166,471,651,752,233074,1,1,1,35
905,50578,97082,83559,82658,693,516,480,316,157,787,272,481,192786,1,1,2,58
906,97871,149320,58534,112853,536,654,224,726,380,419,173,134,114634,1,1,2,59
907,65675,80004,80739,72749,658,571,488,463,160,547,667,358,176677,1,3,2,33
908,59280,88715,138308,133197,374,644,465,622,546,507,438,375,221782,1,1,1,23
909,111810,63782,98960,82892,611,798,208,469,556,785,415,773,492127,1,3,2,41
910,69961,131984,106935,109000,214,520,720,167,208,398,519,651,133115,1,2,2,41
911,126305,69443,68278,124540,726,671,145,425,694,496,477,535,410550,1,1,1,58
912,117363,99568,101016,147394,313,142,497,103,408,448,156,138,205679,1,2,2,54
913,125609,57079,78076,88918,691,553,795,551,494,504,616,626,390075,1,1,2,46
914,120903,125752,145815,116680,672,173,767,431,580,380,176,669,310648,1,3,1,67
915,79570,97309,106392,82425,479,409,658,789,209,601,553,303,265544,1,3,1,60
916,133841,79206,101409,92518,383,731,309,789,299,565,385,215,334494,1,2,1,51
917,56446,54990,106329,122707,194,489,432,618,728,603,325,625,327304,1,2,1,29
918,133841,89138,75604,110806,659,111,583,777,248,647,471,130,328526,1,1,2,40
919,57912,81766,56197,80939,430,200,717,795,782,147,687,518,281921,1,1,2,50
920,83064,74760,126380,72447,798,319,647,160,747,793,546,418,461522,1,3,1,48
921,87965,124280,130066,80468,684,581,673,479,595,673,196,123,443570,1,2,2,61
922,119841,74305,101531,123146,413,775,595,717,351,394,467,604,219212,1,1,2,27
923,69999,70874,50094,56534,494,221,351,211,603,220,516,612,170780,1,2,1,24
924,66275,61913,147525,122417,403,195,472,442,630,328,466,280,214435,1,3,2,65
925,98499,136681,50830,120887,426,643,399,557,311,567,681,785,199831,1,2,1,33
926,76047,122713,76979,120657,203,543,471,635,236,380,441,136,228500,1,3,2,53
927,143603,71207,64384,75262,292,358,155,249,339,466,447,783,495935,1,3,2,21
928,79163,85665,132147,128707,420,272,109,299,381,441,597,443,126624,1,3,2,50
929,84407,67758,145920,62862,364,731,438,753,364,203,561,429,227219,1,2,2,37
930,61752,100395,93238,134594,780,524,197,223,109,226,165,140,385146,1,3,2,23
931,89829,119795,66161,147152,290,647,204,319,596,431,589,570,124645,1,2,1,59
932,136722,81918,119858,102528,385,683,550,665,617,672,570,781,216127,1,2,2,59
933,118890,126278,125744,99012,270,604,532,408,394,170,188,699,290842,1,1,2,24
934,53681,68560,144507,51103,117,665,604,337,413,324,359,282,362839,1,2,1,21
935,97995,88801,77761,134995,684,297,632,203,749,228,590,785,316729,1,1,1,29
936,101581,119214,75239,81330,254,618,180,338,188,534,568,721,239190,1,2,2,48
937,81685,60435,94584,61455,524,188,718,317,509,124,345,115,360207,1,3,1,56
938,78306,68987,85647,103054,344,339,520,143,644,387,486,710,174652,1,2,2,56
939,50476,67073,106569,76820,547,239,306,222,782,679,514,151,233230,1,3,2,46
940,50106,129895,69814,72149,148,198,345,701,692,527,134,234,238110,1,1,1,35
941,78532,113058,134412,95150,155,254,316,386,299,416,590,338,244480,1,2,2,55
942,114508,57984,114167,128828,595,166,351,424,176,529,109,405,286618,1,2,2,44
943,121239,71786,67519,93676,284,781,623,376,198,600,743,576,124546,1,3,1,34
944,54521,63814,62756,71292,391,181,209,767,394,340,563,144,459567,1,3,1,38
945,146154,118427,95004,133165,512,494,797,307,298,644,483,732,153906,1,3,2,41
946,89231,78806,147429,104606,630,295,530,276,337,260,500,307,354895,1,3,2,60
947,115456,126857,90794,123136,340,451,107,636,596,261,756,665,489149,1,2,1,35
948,75391,103395,59893,57320,543,388,105,727,539,155,204,668,411712,1,1,1,42
949,149608,134681,59475,120568,664,408,641,752,310,142,409,110,128449,1,2,2,49
950,145302,124911,111166,129930,430,487,335,313,240,116,343,436,140523,1,2,1,49
951,80512,61017,126292,69971,418,539,692,317,519,625,793,300,397307,1,1,1,55
952,142661,119763,63841,59639,546,237,240,157,799,458,670,251,277532,1,1,2,53
953,132710,129304,66887,99123,408,760,385,659,505,688,624,219,430336,1,1,1,66
954,83795,68003,70493,111970,652,450,169,308,470,144,252,260,167269,1,3,1,22
955,83261,53050,50341,89800,692,245,438,147,294,227,107,112,491177,1,2,1,37
956,95659,90617,94590,122516,709,526,412,532,482,416,591,450,431830,1,1,2,47
957,127062,53384,110872,67277,338,115,617,790,435,130,547,594,342894,1,3,1,28
958,144017,122111,117291,93670,641,438,694,702,662,433,571,387,218314,1,1,1,28
959,71850,100939,94057,101459,229,546,448,205,439,650,554,178,116746,1,3,2,26
960,95319,52479,60888,89717,671,338,514,789,486,667,772,591,161439,1,1,1,57
961,94610,115511,121283,105118,608,147,129,701,398,633,650,622,192213,1,2,2,41
962,119320,131680,52929,104204,702,734,211,746,233,314,630,760,166824,1,3,1,54
963,85618,133355,136038,71676,571,501,759,612,282,124,556,155,331913,1,1,2,30
964,62987,91855,131179,121637,567,272,558,263,697,620,500,613,485864,1,1,2,36
965,116788,57127,114319,107154,589,567,428,485,406,375,132,463,485732,1,3,1,51
966,60738,69178,118161,105188,722,477,369,791,691,458,265,181,198531,1,3,2,26
967,81785,73209,86936,59510,155,761,156,401,155,337,497,206,104551,1,3,1,22
968,105506,123614,108335,64986,716,650,262,705,122,228,799,755,314201,1,2,2,24
969,64419,96510,63151,135162,778,128,329,692,464,531,654,659,468891,1,3,2,54
970,122972,99478,92237,70915,480,383,572,550,158,135,783,637,424298,1,2,1,34
971,61538,127729,67718,56122,441,770,711,408,488,634,423,524,389065,1,1,2,36
972,111551,139752,52819,114922,337,211,252,157,207,188,295,289,128270,1,2,1,50
973,111608,122974,123313,110333,428,261,165,555,669,368,332,164,169939,1,1,2,42
974,142431,81529,148747,128133,339,416,227,605,765,773,552,656,388318,1,1,1,43
975,107427,90067,112948,146406,246,416,514,147,537,650,649,500,194100,1,3,2,64
976,87746,114530,115364,133737,771,107,442,304,412,433,753,745,193891,1,1,1,25
977,64783,96657,52065,132158,677,232,485,594,316,697,492,180,422529,1,1,2,65
978,131497,85052,78682,116336,280,264,134,444,482,345,247,323,381930,1,2,2,24
979,90579,106178,53845,90892,649,409,160,627,613,167,554,381,275539,1,2,2,53
980,125359,122312,76624,56584,245,527,195,444,745,375,560,678,446470,1,3,1,56
981,147058,142100,139139,126635,722,247,624,397,666,645,158,287,240124,1,1,2,29
982,83285,149211,70085,96917,610,508,317,570,549,185,106,206,340131,1,2,2,67
983,148566,64196,82816,118068,644,615,752,199,741,220,590,430,441443,1,3,2,21
984,94899,114534,104645,59558,122,398,689,446,650,439,501,238,390882,1,1,1,40
985,80302,87722,126323,114341,604,417,521,161,728,496,475,473,440286,1,1,1,46
986,104658,143958,141078,57187,577,219,162,188,549,150,168,315,116394,1,1,2,29
987,88790,105857,96945,50522,750,600,448,625,495,438,499,360,145478,1,2,2,59
988,97647,144690,124582,126908,401,724,628,109,321,422,657,649,200536,1,2,1,48
989,86515,54107,90637,117875,285,215,343,263,572,293,732,380,429226,1,3,1,58
990,115438,128580,94940,79775,787,157,560,328,515,447,194,287,412222,1,3,2,33
991,142045,101446,51018,76243,385,418,397,409,169,301,797,752,498208,1,3,2,25
992,147119,131862,57128,57866,781,781,611,769,317,421,709,350,135857,1,2,1,66
993,75038,147187,126825,84067,311,112,187,611,479,382,642,727,210794,1,2,1,58
994,76359,111042,144689,86683,562,401,185,103,709,795,191,500,105331,1,2,2,29
995,56276,84940,101577,85683,763,650,698,285,719,499,304,144,375899,1,2,2,69
996,108006,63553,146997,122170,398,631,115,164,160,656,132,359,332958,1,3,1,43
997,132593,66441,134290,99747,623,356,592,578,340,621,157,298,383582,1,2,1,58
998,106096,102665,122194,70468,727,661,794,107,775,139,624,727,419124,1,3,2,39
999,117225,113817,130118,132300,692,199,299,525,715,768,234,501,456823,1,1,2,65
1000,126540,134349,135127,57482,309,716,143,518,412,400,274,226,343790,1,3,2,55
